    {
    
    "作者":"荷城茶秀",
    
    "站名":"万达影视",
    
    "主页url":"https://www.w1988.cc/",
    
    "简介":"【荷城茶秀】提醒您请勿相信影片中的广告，以免上当受骗！欢迎加入QQ交流群：869277279，公众号：日后魔改，获取更多影视资源。+<p&&</p>",
    
    "导演":"日后魔改",
    
    "主演":"各大网友／白嫖大王／想念式.悲傷",
    
    "影片类型":"未知",
    
    "影片地区":"未知",
    
    "影片年代":"无年份",
    
    "二次截取":"<ul class=\"list\"&&</ul>",
    
    "数组":"<a&&</a>[不包含:Clicky]",
    
    "图片":"url(&&)",
    
    "标题":"text-one-line\">&&",
    
    "链接":"href=\"&&\"",
    
    "副标题":"play-icon\">&&</span>",
    
    "搜索模式":"1",
    
    "搜索url":"/index.php/vod/search/wd/{wd}.html",
    
    "搜索数组":"content\">&&</a>",
    
    "搜索标题":"text-one-line\">&&</div>",
    
    "搜索图片":"url(&&)",
    
    "线路数组":"play-btn&&/a>[排序:腾>达][不包含:优#奇#芒]",
    
    "线路标题":"🌸荷城茶秀接口🌸+>&&<[替换:线路1>>万达专线]",
    
    "分类url":"https://www.w1988.cc/index.php/vod/show/by/{by}/id/{cateId}/page/{catePg}.html;;ak",
    
    "分类":"热播新剧$62#电影$1#电视剧$2#综艺$3#动漫$4"}