    {
    
    "作者":"荷城茶秀",
    
    "站名":"55影视",
    
    "主页url":"https://www.55kan.com/",
    
    "简介":"【荷城茶秀】提醒您请勿相信影片中的广告，以免上当受骗！欢迎加入QQ交流群：869277279，公众号：日后魔改，获取更多影视资源。+<p class=\"col-pd\"&&</p>",
    
    "线路数组":"<h3 class=\"title\">&&/h3>",
    
    "线路标题":"🌸荷城茶秀接口🌸+>&&<",
    
    "分类url":"https://www.55kan.com/show/{cateId}-{area}-{by}------{catePg}---{year}.html;;ak",
    
    "分类":"电影$1#电视剧$2#综艺$3#动漫$4"}