    {
    
    "作者":"荷城茶秀",
    
    "站名":"新视觉影视",
    
    "主页url":"https://www.6080yy1.com/",
    
    "简介":"【荷城茶秀】提醒您请勿相信影片中的广告，以免上当受骗！欢迎加入QQ交流群：869277279，公众号：日后魔改，获取更多影视资源。+剧情：&&<a",
    
    "导演":"导演：&&</div>",
    
    "主演":"主演：&&</div>",
    
    "影片类型":"video-tag-icon\">&&立即播放",
    
    "影片状态":"集数：&&</div>",
    
    "数组":"module-item-pic\">&&module-item\">",
    
    "图片":"data-src=\"&&\"",
    
    "标题":"title=\"&&\"",
    
    "副标题":"module-item-text\">&&</div>",
    
    "链接":"href=\"&&\"",
    
    "线路数组":"data-dropdown-value=&&</div>[不包含:夸克]",
    
    "线路标题":"🌸荷城茶秀接口🌸+<span>&&</small>[替换:</span><small>>>>线路共]+集",
        
    "播放数组":"sort-item\"&&</div>",
    
    "播放标题":"<span>&&</span>",
    
    "播放列表":"<a&&</a>",
    
    "分类url":"https://www.6080yy1.com/vodshow/{cateId}-{area}-{by}-{class}-{lang}----{catePg}---{year}.html;;akx",
    
    "分类":"电影$1#电视剧$2#综艺$3#动漫$4",
    
    "筛选":{
    "1":[
    {
    "key":"cateld",
    "name":"类型",
    "value":[
    {"n":"全部类型","v":""},
    {"n":"动作片","v":"25"},
    {"n":"喜剧片","v":"26"},
    {"n":"爱情片","v":"27"},
    {"n":"科幻记","v":"28"},
    {"n":"恐怖片","v":"30"},
    {"n":"剧情片","v":"31"},
    {"n":"战争片","v":"33"},
    {"n":"记录片","v":"35"},
    {"n":"悬疑片","v":"36"},
    {"n":"犯罪片","v":"38"},
    {"n":"冒险片","v":"40"},
    {"n":"动画片","v":"41"},
    {"n":"惊悚片","v":"43"},
    {"n":"奇幻片","v":"44"},
    {"n":"理论片","v":"46"}
    ]
    },
    {
    "key":"class",
    "name":"剧情",
    "value":[
    {"n":"全部剧情","v":""},
    {"n":"喜剧","v":"喜剧"},
    {"n":"爱情","v":"爱情"},
    {"n":"恐怖","v":"恐怖"},
    {"n":"动作","v":"动作"},
    {"n":"科幻","v":"科幻"},
    {"n":"剧情","v":"剧情"},
    {"n":"战争","v":"战争"},
    {"n":"警匪","v":"警匪"},
    {"n":"犯罪","v":"犯罪"},
    {"n":"动画","v":"动画"},
    {"n":"奇幻","v":"奇幻"},
    {"n":"武侠","v":"武侠"},
    {"n":"冒险","v":"冒险"},
    {"n":"枪战","v":"枪战"},
    {"n":"恐怖","v":"恐怖"},
    {"n":"悬疑","v":"悬疑"},
    {"n":"惊悚","v":"惊悚"},
    {"n":"经典","v":"经常"},
    {"n":"青春","v":"青春"},
    {"n":"文艺","v":"文艺"},
    {"n":"微电影","v":"微电影"},
    {"n":"古装","v":"古装"},
    {"n":"儿童","v":"儿童"},
    {"n":"网络电影","v":"网络电影"}
    ]
    },
    {
    "key":"area",
    "name":"地区",
    "value":[
    {"n":"全部地区","v":""},
    {"n":"大陆","v":"大陆"},
    {"n":"香港","v":"香港"},
    {"n":"台湾","v":"台湾"},
    {"n":"美国","v":"美国"},
    {"n":"法国","v":"法国"},
    {"n":"英国","v":"英国"},
    {"n":"日本","v":"日本"},
    {"n":"韩国","v":"韩国"},
    {"n":"德国","v":"德国"},
    {"n":"泰国","v":"泰国"},
    {"n":"印度","v":"印度"},
    {"n":"意大利","v":"意大利"},
    {"n":"西班牙","v":"西班牙"},
    {"n":"加拿大","v":"加拿大"},
    {"n":"其它","v":"其它"}
    ]
    },
    {
    "key":"lang",
    "name":"语言",
    "value":[
    {"n":"全部语言","v":""},
    {"n":"国语","v":"国语"},
    {"n":"英语","v":"英语"},
    {"n":"粤语","v":"粤语"},
    {"n":"闽南语","v":"闽南语"},
    {"n":"韩语","v":"韩语"},
    {"n":"日语","v":"日语"},
    {"n":"其它","v":"其它"}
    ]
    },
    {
    "key":"year",
    "name":"时间",
    "value":[
    {"n":"全部时间","v":""},
    {"n":"2023","v":"2023"},
    {"n":"2022","v":"2022"},
    {"n":"2021","v":"2021"},
    {"n":"2020","v":"2020"},
    {"n":"2019","v":"2019"},
    {"n":"2018","v":"2018"},
    {"n":"2017","v":"2017"},
    {"n":"2016","v":"2016"},
    {"n":"2015","v":"2015"},
    {"n":"2014","v":"2014"},
    {"n":"2013","v":"2013"},
    {"n":"2012","v":"2012"},
    {"n":"2011","v":"2011"},
    {"n":"2010","v":"2010"}
    ]
    },
    {
    "key":"by",
    "name":"排序",
    "value":[
    {"n":"全部排序","v":""},
    {"n":"时间排序","v":"time"},
    {"n":"人气排序","v":"hits"},
    {"n":"评分排序","v":"score"}
    ]
    }
    ],
    "2":[
    {
    "key":"cateId",
    "name":"类型",
    "value":[
    {"n":"全部类型","v":""},
    {"n":"国产剧","v":"42"},
    {"n":"欧美剧","v":"45"},
    {"n":"日韩剧","v":"47"},
    {"n":"港台剧","v":"49"},
    {"n":"泰剧","v":"51"},
    {"n":"海外剧","v":"52"}
    ]
    },
    
    {
    "key":"class",
    "name":"剧情",
    "value":[
    {"n":"全部剧情","v":""},
    {"n":"古装","v":"古装"},
    {"n":"战争","v":"战争"},
    {"n":"青春偶像","v":"青春偶像"},
    {"n":"喜剧","v":"喜剧"},
    {"n":"家庭","v":"家庭"},
    {"n":"犯罪","v":"犯罪"},
    {"n":"动作","v":"动作"},
    {"n":"奇幻","v":"奇幻"},
    {"n":"剧情","v":"剧情"},
    {"n":"历史","v":"历史"},
    {"n":"经典","v":"经典"},
    {"n":"乡村","v":"乡村"},
    {"n":"情景","v":"情景"},
    {"n":"商战","v":"商战"},
    {"n":"网剧","v":"网战"},
    {"n":"其他","v":"其他"}
    ]
    },
    
    {
    "key":"area",
    "name":"地区",
    "value":[
    {"n":"全部地区","v":""},
    {"n":"内地","v":"内地"},
    {"n":"韩国","v":"韩国"},
    {"n":"香港","v":"香港"},
    {"n":"台湾","v":"台湾"},
    {"n":"日本","v":"日本"},
    {"n":"美国","v":"美国"},
    {"n":"泰国","v":"泰国"},
    {"n":"英国","v":"英国"},
    {"n":"新加坡","v":"新加坡"},
    {"n":"其他","v":"其他"}
    ]
    },
    
    {
    "key":"lang",
    "name":"语言",
    "value":[
    {"n":"全部语言","v":""},
    {"n":"国语","v":"国语"},
    {"n":"英语","v":"英语"},
    {"n":"粤语","v":"粤语"},
    {"n":"闽南语","v":"闽南语"},
    {"n":"韩语","v":"韩语"},
    {"n":"日语","v":"日语"},
    {"n":"其它","v":"其它"}
    ]
    },
    
    {
    "key":"year",
    "name":"年份",
    "value":[
    {"n":"全部时间","v":""},
    {"n":"2023","v":"2023"},
    {"n":"2022","v":"2022"},
    {"n":"2021","v":"2021"},
    {"n":"2020","v":"2020"},
    {"n":"2019","v":"2019"},
    {"n":"2018","v":"2018"},
    {"n":"2017","v":"2017"},
    {"n":"2016","v":"2016"},
    {"n":"2015","v":"2015"},
    {"n":"2014","v":"2014"},
    {"n":"2013","v":"2013"},
    {"n":"2012","v":"2012"},
    {"n":"2011","v":"2011"},
    {"n":"2010","v":"2010"}
    ]
    },
    {
    "key":"by",
    "name":"排序",
    "value":[
    {"n":"全部排序","v":""},
    {"n":"时间排序","v":"time"},
    {"n":"人气排序","v":"hits"},
    {"n":"评分排序","v":"score"}
    ]
    }
    ],
    "3":[
    {
    "key":"cateId",
    "name":"类型",
    "value":[
    {"n":"全部类型","v":""},
    {"n":"大陆综艺","v":"20"},
    {"n":"日韩综艺","v":"21"},
    {"n":"港台综艺","v":"22"},
    {"n":"欧美综艺","v":"23"},
    {"n":"演唱会","v":"24"}
    ]
    },
    {
    "key":"class",
    "name":"剧情",
    "value":[
    {"n":"全部剧情","v":""},
    {"n":"选秀","v":"选秀"},
    {"n":"情感","v":"情感"},
    {"n":"访谈","v":"访谈"},
    {"n":"播报","v":"播报"},
    {"n":"旅游","v":"旅游"},
    {"n":"音乐","v":"音乐"},
    {"n":"美食","v":"美食"},
    {"n":"纪实","v":"纪实"},
    {"n":"曲艺","v":"曲艺"},
    {"n":"生活","v":"生活"},
    {"n":"游戏互动","v":"游戏互动"},
    {"n":"财经","v":"财经"},
    {"n":"求职","v":"求职"}
    ]},
    {
    "key":"area",
    "name":"地区",
    "value":[
    {"n":"全部地区","v":""},
    {"n":"内地","v":"内地"},
    {"n":"港台","v":"港台"},
    {"n":"日韩","v":"日韩"},
    {"n":"欧美","v":"欧美"}
    ]},
    {
    "key":"lang",
    "name":"语言",
    "value":[
    {"n":"全部语言","v":""},
    {"n":"国语","v":"国语"},
    {"n":"英语","v":"英语"},
    {"n":"粤语","v":"粤语"},
    {"n":"闽南语","v":"闽南语"},
    {"n":"韩语","v":"韩语"},
    {"n":"日语","v":"日语"},
    {"n":"其它","v":"其他"}
    ]},
    
    {
    "key":"year",
    "name":"年份",
    "value":[
    {"n":"全部时间","v":""},
    {"n":"2023","v":"2023"},
    {"n":"2022","v":"2022"},
    {"n":"2021","v":"2021"},
    {"n":"2020","v":"2020"},
    {"n":"2019","v":"2019"},
    {"n":"2018","v":"2018"},
    {"n":"2017","v":"2017"},
    {"n":"2016","v":"2016"},
    {"n":"2015","v":"2015"},
    {"n":"2014","v":"2014"},
    {"n":"2013","v":"2013"},
    {"n":"2012","v":"2012"},
    {"n":"2011","v":"2011"},
    {"n":"2010","v":"2010"}]},
    {
    "key":"by",
    "name":"排序",
    "value":[
    {"n":"全部排序","v":""},
    {"n":"时间排序","v":"time"},
    {"n":"人气排序","v":"hist"},
    {"n":"评分排序","v":"score"}]}],
    
    "4":[
    {
    "key":"cateId",
    "name":"类型",
    "value":[
    {"n":"全部类型","v":""},
    {"n":"国产动漫","v":"29"},
    {"n":"日韩动漫","v":"32"},
    {"n":"欧美动漫","v":"34"},
    {"n":"港台动漫","v":"37"}
    ]},
    {
    "key":"class",
    "name":"剧情",
    "value":[
    {"n":"全部剧情","v":""},
    {"n":"情感","v":"情感"},
    {"n":"科幻","v":"科幻"},
    {"n":"热血","v":"热血"},
    {"n":"推理","v":"推理"},
    {"n":"搞笑","v":"搞笑"},
    {"n":"冒险","v":"冒险"},
    {"n":"萝莉","v":"萝莉"},
    {"n":"校园","v":"校园"},
    {"n":"动作","v":"动作"},
    {"n":"机战","v":"机战"},
    {"n":"运动","v":"运动"},
    {"n":"战争","v":"战争"},
    {"n":"少年","v":"少年"},
    {"n":"少女","v":"少女"},
    {"n":"社会","v":"社会"},
    {"n":"原创","v":"原创"},
    {"n":"亲子","v":"亲子"},
    {"n":"益智","v":"益智"},
    {"n":"励志","v":"励志"},
    {"n":"其他","v":"其他"}]},
    
    {
    "key":"area",
    "name":"地区",
    "value":[
    {"n":"全部地区","v":""},
    {"n":"国产","v":"国产"},
    {"n":"日本","v":"日本"},
    {"n":"欧美","v":"欧美"},
    {"n":"其他","v":"其他"}]},
    {
    "key":"lang",
    "name":"语言",
    "value":[
    {"n":"全部语言","v":""},
    {"n":"国语","v":"国语"},
    {"n":"英语","v":"英语"},
    {"n":"粤语","v":"粤语"},
    {"n":"闽南语","v":"闽南语"},
    {"n":"韩语","v":"韩语"},
    {"n":"日语","v":"日语"},
    {"n":"其它","v":"其它"}
    ]
    },
    
    {
    "key":"year",
    "name":"年份",
    "value":[
    {"n":"全部时间","v":""},
    {"n":"2023","v":"2023"},
    {"n":"2022","v":"2022"},
    {"n":"2021","v":"2021"},
    {"n":"2020","v":"2020"},
    {"n":"2019","v":"2019"},
    {"n":"2018","v":"2018"},
    {"n":"2017","v":"2017"},
    {"n":"2016","v":"2016"},
    {"n":"2015","v":"2015"},
    {"n":"2014","v":"2014"},
    {"n":"2013","v":"2013"},
    {"n":"2012","v":"2012"},
    {"n":"2011","v":"2011"},
    {"n":"2010","v":"2010"}]},
    {
    "key":"by",
    "name":"排序",
    "value":[
    {"n":"全部排序","v":""},
    {"n":"时间排序","v":"time"},
    {"n":"人气排序","v":"hist"},
    {"n":"评分排序","v":"score"}
    ]
    }
    ]
    }
    }
    
    