    {
    
    "作者":"荷城茶秀",
    
    "站名":"日后影视",
    
    "主页url":"http://rihou.cc:16/",
    
    "简介":"【荷城茶秀】提醒您请勿相信影片中的广告，以免上当受骗！欢迎QQ交流群：869277279，公众号：日后魔改，获取更多影视资源。+col-pd text-collapse content\">&&</p>",
    
    "线路数组":"#playlist&&/a>",
    
    "线路标题":"🌸荷城茶秀接口🌸+>&&<",
    
    "分类url":"http://rihou.cc:16/index.php/vod/show/area/{area}/by/{by}/class/{class}/id/{cateId}/lang/{lang}/page/{catePg}year/{year}.htm;;akl",
    
    "分类":"电影$1#电视剧$2#综艺$3#动漫$4"}