    {
    
    "作者":"荷城茶秀",
    
    "站名":"花花影视",
    
    "主页url":"https://www.weimovies.com/",
    
    "简介":"【荷城茶秀】提醒您请勿相信影片中的广告，以免上当受骗！欢迎加入QQ交流群：869277279，公众号：日后魔改，获取更多影视资源。+video-info-item video-info-content vod_content\"&&</span>",
    
    "影片状态":"集数：&&</div>",
    
    "影片类型":"scroll-box\">&&立即播放",
    
    "数组":"module-item-pic\">&&module-item\">",
    
    "标题":"title=\"&&\"",
    
    "副标题":"item-text\">&&</div>",
    
    "图片":"data-src=\"&&\"",
    
    "搜索模式":"1",
    
    "搜索url":"/vodsearch/?wd={wd}",
    
    "搜索数组":"lazy lazyload\"&&<h3>",
    
    "搜索副标题":"title=*>&&</a>",
    
    "线路数组":"data-dropdown-value=&&</div>",
    
    "线路标题":"🌸荷城茶秀接口🌸+<span>&&</small>[替换:</span><small>>>共]+集",
    
    "分类url":"https://www.weimovies.com/vodshow/{cateId}-{area}-{by}-{class}-{lang}----{catePg}---{year}/;;ka",
    
    "分类":"电影$dianying#电视剧$fenlei2#综艺$zongyi#动漫$dongman"}