    {
    
    "作者":"荷城茶秀",
    
    "站名":"骚火影视",
    
    "主页url":"https://saohuo.vip/",
    
    "简介":"【荷城茶秀】提醒您请勿相信影片中的广告，以免上当受骗！欢迎加入QQ交流群：869277279，公众号：日后魔改，获取更多影视资源。+<p class=\"p_txt show_part\"&&</p>",
    
    "导演":"</h1><p>* / 导演：&& /",
    
    "主演":"主演：&&</p>",
    
    "影片地区":"</h1><p>&& / ",
    
    "影片年代":"<p>* / && /",
    
    "影片状态":"v_note\">&&</div>",
    
    "搜索url":"/search.php?searchword={wd}",
    
    "线路二次截取":"<ul class=\"from_list\">&&</ul>",
    
    "线路数组":"<li&&/li>",
    
    "线路标题":"🌸荷城茶秀接口🌸+>&&<[替换:1号线路>>骚火专线#2号线路>>骚火备用]",
    
    "分类url":"https://saohuo.vip/search.php?page={catePg}&searchtype=5&order={by}&tid={cateId};;akd",
    
    "分类":"电影$1#电视剧$2#韩剧$22#美剧$22#综艺$3#动漫$4"}